Imię,Nazwisko
Marcin,Jankowski
Dominik,Wilk
Elżbieta,Kowalski
Maciej,Duda
Joanna,Musiał
Dorota,Duda
Mateusz,Lewandowski
Łukasz,Wójcik
Krzysztof,Kamińska
Halina,Michalski
Jan,Kołodziej
Tomasz,Szymański
Grzegorz,Nowak
Grzegorz,Cieślak
Łukasz,Sadowski
Grzegorz,Malinowski
Joanna,Gajewski
Ewa,Sawicki
Mariusz,Nowicki
Marcin,Wróbel
Piotr,Piotrowski
Karolina,Wróbel
Tomasz,Malinowski
Łukasz,Michalski
Barbara,Adamczyk
Halina,Sobczak
Aleksandra,Sikora
Sebastian,Wesołowski
Jakub,Król
Monika,Wiśniewski
Magdalena,Sobczak
Wojciech,Michalski
Szymon,Szymański
Joanna,Malinowski
Zofia,Mazur
Joanna,Szymański
Alicja,Urbański
Halina,Nowak
Weronika,Michalski
Magdalena,Wróbel
Dorota,Wójcik
Maciej,Borkowski
Ewa,Zając
Patryk,Kubiak
